id;name;descr;secret
5;df;sdfsf;9fea9f5c66fd71ab946264b1a591a1aa481fa94a
6;df;sdfsf;9fea9f5c66fd71ab946264b1a591a1aa481fa94a
3;df;sdfsf;9fea9f5c66fd71ab946264b1a591a1aa481fa94a
4;df;sdfsf;9fea9f5c66fd71ab946264b1a591a1aa481fa94a
7;df;sdfsf;9fea9f5c66fd71ab946264b1a591a1aa481fa94a
1;df;sdfsf;9fea9f5c66fd71ab946264b1a591a1aa481fa94a
8;df;sdfsf;9fea9f5c66fd71ab946264b1a591a1aa481fa94a
1;df;sdfsf;9fea9f5c66fd71ab946264b1a591a1aa481fa94a
7;df;sdfsf;9fea9f5c66fd71ab946264b1a591a1aa481fa94a
11;df;sdfsf;9fea9f5c66fd71ab946264b1a591a1aa481fa94a
9;df;sdfsf;9fea9f5c66fd71ab946264b1a591a1aa481fa94a
2;df;sdfsf;9fea9f5c66fd71ab946264b1a591a1aa481fa94a
10;df;sdfsf;9fea9f5c66fd71ab946264b1a591a1aa481fa94a
11;df;sdfsf;9fea9f5c66fd71ab946264b1a591a1aa481fa94a
1;df;sdfsf;9fea9f5c66fd71ab946264b1a591a1aa481fa94a
6;df;sdfsf;9fea9f5c66fd71ab946264b1a591a1aa481fa94a
5;df;sdfsf;9fea9f5c66fd71ab946264b1a591a1aa481fa94a
9;df;sdfsf;9fea9f5c66fd71ab946264b1a591a1aa481fa94a
8;df;sdfsf;9fea9f5c66fd71ab946264b1a591a1aa481fa94a
2;df;sdfsf;9fea9f5c66fd71ab946264b1a591a1aa481fa94a
10;df;sdfsf;9fea9f5c66fd71ab946264b1a591a1aa481fa94a
3;df;sdfsf;9fea9f5c66fd71ab946264b1a591a1aa481fa94a
4;df;sdfsf;9fea9f5c66fd71ab946264b1a591a1aa481fa94a
2;df;sdfsf;9fea9f5c66fd71ab946264b1a591a1aa481fa94a
3;df;sdfsf;9fea9f5c66fd71ab946264b1a591a1aa481fa94a
6;df;sdfsf;9fea9f5c66fd71ab946264b1a591a1aa481fa94a
8;df;sdfsf;9fea9f5c66fd71ab946264b1a591a1aa481fa94a
7;df;sdfsf;9fea9f5c66fd71ab946264b1a591a1aa481fa94a
4;df;sdfsf;9fea9f5c66fd71ab946264b1a591a1aa481fa94a
8;df;sdfsf;9fea9f5c66fd71ab946264b1a591a1aa481fa94a
5;df;sdfsf;9fea9f5c66fd71ab946264b1a591a1aa481fa94a
9;df;sdfsf;9fea9f5c66fd71ab946264b1a591a1aa481fa94a
6;df;sdfsf;9fea9f5c66fd71ab946264b1a591a1aa481fa94a
10;df;sdfsf;9fea9f5c66fd71ab946264b1a591a1aa481fa94a
7;df;sdfsf;9fea9f5c66fd71ab946264b1a591a1aa481fa94a
1;df;sdfsf;9fea9f5c66fd71ab946264b1a591a1aa481fa94a
4;df;sdfsf;9fea9f5c66fd71ab946264b1a591a1aa481fa94a
5;df;sdfsf;9fea9f5c66fd71ab946264b1a591a1aa481fa94a
3;df;sdfsf;9fea9f5c66fd71ab946264b1a591a1aa481fa94a
2;df;sdfsf;9fea9f5c66fd71ab946264b1a591a1aa481fa94a
11;df;sdfsf;9fea9f5c66fd71ab946264b1a591a1aa481fa94a
4;df;sdfsf;9fea9f5c66fd71ab946264b1a591a1aa481fa94a
6;df;sdfsf;9fea9f5c66fd71ab946264b1a591a1aa481fa94a
5;df;sdfsf;9fea9f5c66fd71ab946264b1a591a1aa481fa94a
9;df;sdfsf;9fea9f5c66fd71ab946264b1a591a1aa481fa94a
9;df;sdfsf;9fea9f5c66fd71ab946264b1a591a1aa481fa94a
10;df;sdfsf;9fea9f5c66fd71ab946264b1a591a1aa481fa94a
10;df;sdfsf;9fea9f5c66fd71ab946264b1a591a1aa481fa94a
8;df;sdfsf;9fea9f5c66fd71ab946264b1a591a1aa481fa94a
11;df;sdfsf;9fea9f5c66fd71ab946264b1a591a1aa481fa94a
5;df;sdfsf;9fea9f5c66fd71ab946264b1a591a1aa481fa94a
1;df;sdfsf;9fea9f5c66fd71ab946264b1a591a1aa481fa94a
2;df;sdfsf;9fea9f5c66fd71ab946264b1a591a1aa481fa94a
3;df;sdfsf;9fea9f5c66fd71ab946264b1a591a1aa481fa94a
11;df;sdfsf;9fea9f5c66fd71ab946264b1a591a1aa481fa94a
3;df;sdfsf;9fea9f5c66fd71ab946264b1a591a1aa481fa94a
7;df;sdfsf;9fea9f5c66fd71ab946264b1a591a1aa481fa94a
8;df;sdfsf;9fea9f5c66fd71ab946264b1a591a1aa481fa94a
9;df;sdfsf;9fea9f5c66fd71ab946264b1a591a1aa481fa94a
10;df;sdfsf;9fea9f5c66fd71ab946264b1a591a1aa481fa94a
11;df;sdfsf;9fea9f5c66fd71ab946264b1a591a1aa481fa94a
1;df;sdfsf;9fea9f5c66fd71ab946264b1a591a1aa481fa94a
2;df;sdfsf;9fea9f5c66fd71ab946264b1a591a1aa481fa94a
7;df;sdfsf;9fea9f5c66fd71ab946264b1a591a1aa481fa94a
4;df;sdfsf;9fea9f5c66fd71ab946264b1a591a1aa481fa94a
6;df;sdfsf;9fea9f5c66fd71ab946264b1a591a1aa481fa94a
